datetime,open,high,low,close,volume
2025-12-29,63.25,64.20000,61.57000,62.029999,5981700
2025-12-22,61.19000,63.14000,60.89000,63.090000,7385400
2025-12-15,61.15000,62.64000,60.47000,61.37000,15472600
2025-12-08,61.21000,61.44000,60.0099983,60.95000,11306700
2025-12-01,61.28000,62.42000,60.98000,61.060001,11141700
2025-11-24,60.26000,62.040001,59.96000,61.75,8326900
2025-11-17,59.66000,60.86000,58.66000,60.55000,10462200
2025-11-10,59.63000,60.57000,58.79000,59.42000,10176200
2025-11-03,58.76000,60.060001,58.38000,59.71000,15130700
2025-10-27,63.35000,63.53000,58.51000,59.44000,19019200
2025-10-20,62.62000,63.94000,62.21000,63.42000,11857600
2025-10-13,61.59000,62.86000,61.16000,62.21000,14870100
2025-10-06,63.35000,63.43000,61.090000,61.67000,8007900
2025-09-29,64.18000,64.86000,63.11000,63.30000,10547100
2025-09-22,64.92000,65.76000,63.62000,64.53000,10952400
2025-09-15,66.72000,66.84000,64.29000,65.050003,13763600
2025-09-08,66.22000,67.12000,65.56000,66.44000,7835300
2025-09-01,65.66000,67.070000,63.61000,66.81000,6734400
2025-08-25,65.24000,66.20000,64.33000,66.12000,11073300
2025-08-18,64.27000,65.70000,63.19000,65.26000,9056400
2025-08-11,62.87000,64.38000,62.090000,64.12000,10753600
2025-08-04,62.72000,64.47000,62.53000,63.20000,11883500
2025-07-28,67.45000,67.83000,61.71000,62.75,16213100
2025-07-21,67.23000,68.51000,66.61000,67.37000,8764400
2025-07-14,66.89000,67.54000,65.71000,67.17000,7058800
2025-07-07,67.24000,67.99000,66.040001,66.79000,9480700
2025-06-30,67.19000,68.089996,65.87000,66.88000,8677900
2025-06-23,69.17000,69.87000,65.19000,67.35000,13790200
2025-06-16,69.40000,69.84000,68.36000,68.99000,7470300
2025-06-09,68.25,70.21000,68.21000,68.88000,7316200
2025-06-02,69.48000,70.050003,67.99000,68.5,8301700
2025-05-26,68.56000,70.31000,67.37000,70.14000,9197400
2025-05-19,70.83000,71.52000,66.95000,67.61000,7443500
2025-05-12,70.70000,71.80000,68.35000,71.56000,12917000
2025-05-05,71.15000,71.44000,69.48000,69.94000,9346000
2025-04-28,68.57000,72.40000,68.31000,71.72000,12424600
2025-04-21,67.64000,70.64000,66.52000,68.53000,7371900
2025-04-14,65.32000,69.24000,65.14000,68.24000,8506900
2025-04-07,62.73000,67.47000,59.41000,64.64000,16537700
2025-03-31,71.16000,72.099998,63.63000,63.79000,9279500
2025-03-24,70.12000,72.65000,69.90000,71.38000,6670200
2025-03-17,68.71000,70.61000,68.71000,69.81000,8957400
2025-03-10,72.11000,73.14000,67.76000,68.94000,9991900
2025-03-03,74.17000,75.86000,71.37000,71.97000,8835400
2025-02-24,71.67000,74.92000,71.30000,74.17000,8358200
2025-02-17,71.040001,71.93000,70.53000,71.56000,5064600
2025-02-10,71.19000,72.52000,69.97000,71.23000,5879200
2025-02-03,70.089996,72.57000,69.089996,71.33000,10170400
2025-01-27,68.38000,70.95000,68.15000,70.63000,9800400
2025-01-20,69.88000,70.67000,67.72000,68.25,6212200
2025-01-13,67.20000,72,67,69.77000,8143200
2025-01-06,70.64000,71.019997,66.64000,66.98000,7500000
2024-12-30,71.17000,71.96000,69.82000,70.90000,4859300
2024-12-23,70.75,72.66000,70.51000,71.58000,3562900
2024-12-16,73.18000,74.37000,69.35000,71.35000,10706000
2024-12-09,73.69000,74.39000,72.51000,73.28000,6214500
2024-12-02,76.17000,76.39000,72.90000,73.75,6696800
2024-11-25,76.54000,78.32000,76.26000,76.66000,6087700
2024-11-18,73.31000,76.27000,73.15000,75.79000,6850500
2024-11-11,73.58000,74.78000,72.53000,73.59000,6996500
2024-11-04,69.36000,73.91000,69.21000,73.53000,8444900
2024-10-28,75.11000,75.55000,68.93000,69.12000,10555100
2024-10-21,75.29000,76.46000,73.94000,74.67000,6344500
2024-10-14,73,75.77000,72.68000,75.63000,6366800
2024-10-07,73.080002,73.28000,71.77000,73.089996,5715700
2024-09-30,73.60000,75.080002,72.5,73.53000,8465300
2024-09-23,76.91000,77.75,73.83000,73.97000,8976900
2024-09-16,78.68000,78.83000,76.28000,76.58000,11059800
2024-09-09,74.56000,78.11000,73.84000,78.080002,6381400
2024-09-02,74.55000,76.75,73.76000,74.34000,7439600
2024-08-26,73.19000,75.11000,72.23000,74.88000,7710400
2024-08-19,71.53000,73.83000,71.25,73.63000,5376300
2024-08-12,70.89000,71.75,70.32000,71.41000,6746100
2024-08-05,69.49000,72.13000,68.87000,71.35000,12613700
2024-07-29,70.90000,72.33000,68.5,70.22000,15292400
2024-07-22,70,71.40000,69.040001,70.77000,8541600
2024-07-15,67.5,71.17000,67.26000,70.14000,8756400
2024-07-08,67.89000,69.35000,66.61000,67.19000,7059700
2024-07-01,68.52000,68.73000,67.29000,67.87000,4088800
2024-06-24,68.53000,69.65000,67.46000,69.34000,8694700
2024-06-17,66.12000,68.42000,65.89000,68.31000,7265400
2024-06-10,65.029999,66.87000,64.78000,66.71000,6109900
2024-06-03,65.41000,65.99000,64.32000,65.070000,10088400
2024-05-27,66,66.050003,62.24000,65.029999,11599700
2024-05-20,67.12000,67.54000,65.30000,65.70000,7769600
2024-05-13,66.48000,68.55000,66.37000,67.13000,6524400
2024-05-06,66.35000,67.32000,65.83000,66.80000,7411000
2024-04-29,65.70000,66.71000,63.74000,65.91000,11348700
2024-04-22,62.25,66.070000,61.86000,65.14000,14249400
2024-04-15,62.12000,62.22000,59.48000,61.54000,8961700
2024-04-08,62.5,64.80000,61.29000,61.69000,9981200
2024-04-01,63.020000,63.22000,60.35000,61.79000,7227600
2024-03-25,62.26000,63.45000,61.22000,63.11000,7238700
2024-03-18,63.15000,63.78000,61.85000,62.17000,8622300
2024-03-11,63.40000,63.77000,61.45000,63.029999,10754700
2024-03-04,60.80000,63.71000,60.34000,63.41000,8271700
2024-02-26,60.099998,60.77000,58.81000,60.74000,12868600
2024-02-19,59.73000,61.40000,59.32000,60.20000,6759800
2024-02-12,59,60.43000,57.33000,60.029999,9330700
2024-02-05,59.5,59.55000,58.30000,58.86000,9262100
2024-01-29,58.93000,61.80000,58.88000,60.17000,17754700
2024-01-22,60.77000,61.0099983,58.46000,59.16000,13471700
2024-01-15,62.029999,62.11000,59.28000,60.56000,9345700
2024-01-08,60.52000,62.86000,60.32000,62.16000,9391600
2024-01-01,60.97000,62.20000,60.070000,60.70000,7562800
2023-12-25,61.15000,62.54000,61.049999,61.16000,6506800
2023-12-18,61.55000,61.94000,60.080002,61.14000,13060100
2023-12-11,58.20000,63.020000,57.75,61.31000,15341600
2023-12-04,58.020000,58.97000,57.65000,58.82000,11086900
2023-11-27,56.78000,58.54000,56.049999,58.54000,12965700
2023-11-20,55.43000,56.85000,54.70000,56.83000,7743700
2023-11-13,54.19000,57.44000,53.74000,55.43000,11126500
2023-11-06,55.48000,55.52000,53.48000,54.54000,11556600
2023-10-30,54.73000,56.67000,52.57000,55.72000,16181400
2023-10-23,56.97000,57.39000,54.15000,54.23000,10376200
2023-10-16,60.23000,60.62000,57.42000,57.48000,7909900
2023-10-09,58.86000,60.94000,58.86000,59.89000,8296300
2023-10-02,58.41000,59.73000,56.93000,59.30000,8004700
2023-09-25,59.20000,59.76000,58.060001,58.71000,9528300
2023-09-18,63.060001,63.060001,60,60.13000,5744800
2023-09-11,62.78000,63.49000,61.94000,63.16000,9074900
2023-09-04,64.72000,64.92000,62.43000,62.65000,6516100
2023-08-28,64.62000,65.88000,63.97000,64,5630400
2023-08-21,63.75,65.45000,62.56000,64.32000,5520200
2023-08-14,66.49000,66.49000,63.17000,63.85000,5258700
2023-08-07,65.64000,66.70000,64.99000,66.42000,6790400
2023-07-31,64.93000,66.53000,63.98000,65.40000,12193800
2023-07-24,69.12000,69.45000,64.46000,64.81000,10207900
2023-07-17,68.27000,69.16000,66.89000,69.059998,8454600
2023-07-10,66.16000,68.62000,65.92000,68.51000,6361700
2023-07-03,65.57000,67.26000,64.75,66.54000,5568500
2023-06-26,62.15000,66.41000,61.91990,65.97000,9467726
2023-06-19,66.57000,66.58000,62.27000,62.36000,8540712
2023-06-12,66.28000,67.13000,65.089996,66.72000,12221417
2023-06-05,63.35000,66.22500,63.11000,66.18000,7471070
2023-05-29,59.95000,63.35500,59.47000,63.090000,8317966
2023-05-22,61.45000,62.22000,58.31000,59.64000,6876733
2023-05-15,62.70000,62.90000,60.74000,61.45000,6645946
2023-05-08,62.84000,63.62000,61.80000,62.80000,8784937
2023-05-01,63.33000,63.98000,61.55000,63.38000,8434495
2023-04-24,61.53000,63.55000,60.11500,63.25,10640321
2023-04-17,60.21000,62.16000,59.98000,61.30000,7511476
2023-04-10,59.78000,61.16000,59.26000,60.040001,7637962
2023-04-03,59.89000,60.71000,58.50320,60.14000,5643743
2023-03-27,56.42000,60.080002,55.47000,60,8515508
2023-03-20,57.62000,58.70500,54.60000,55.99000,11895488
2023-03-13,58.23000,60.61000,57.5,57.58000,10638873
2023-03-06,62.98000,63.38000,57.96000,58.47000,7667008
2023-02-27,64.48000,64.65000,60.21000,62.57000,9175725
2023-02-20,65.13000,65.57000,63.26000,63.67000,5982786
2023-02-13,65.15000,66.83000,64.80000,65.88000,12357086
2023-02-06,63.95000,65.98000,63.16000,64.82000,11701875
2023-01-30,62.90000,67.050003,61.93000,64.73000,18084423
2023-01-23,61.48000,63.69000,60.80000,63.36000,12928974
2023-01-16,61.39000,61.97500,59.92000,61.33000,9669118
2023-01-09,58.89000,61.90000,58.25,60.62000,16691627
2023-01-02,59.44000,60.35000,57.38000,59.36000,10157404
2022-12-26,59.44000,59.94820,58.40000,59,10987729
2022-12-19,60.60000,60.60000,58.15140,59.44000,15408235
2022-12-12,62.86000,65.60000,59.82000,60.83000,14299872
2022-12-05,63.64000,63.93000,61.13000,62.73000,8294991
2022-11-28,63.24000,65.81000,61.86000,64.11000,8095119
2022-11-21,62.72000,63.57000,62.31000,63.53000,5492488
2022-11-14,62.52000,63.25,60.65000,62.93000,9819464
2022-11-07,61.74000,64.53000,59.42000,62.78000,10582317
2022-10-31,62.62000,64.089996,59.32000,61.26000,9624796
2022-10-24,64.85000,66.80000,61.67000,63.13000,12845467
2022-10-17,63.090000,65.66000,62.77000,64.21000,7489714
2022-10-10,62.91000,64.98000,60.75,61.83000,10710246
2022-10-03,68.044998,69.070000,62.14000,62.53000,10535220
2022-09-26,68.11000,68.11000,65.57980,67.22000,9440422
2022-09-19,72.26000,72.49000,67.66000,68.39000,8592598
2022-09-12,77.47000,77.92000,71.73000,73.11000,8130410
2022-09-05,74.22000,77.85000,73.88000,77.22000,4406139
2022-08-29,75.62000,75.62000,72.050003,73.80000,6109447
2022-08-22,77.84000,78.23000,74.97660,76.029999,5454616
2022-08-15,80,80.89000,78.099998,78.46000,4478719
2022-08-08,75.63000,79.99000,75.36000,79.96000,5999731
2022-08-01,78,78.66000,73.34000,75.22000,9492102
2022-07-25,73.18000,78.87000,72.92000,78.39000,8150224
2022-07-18,71.55000,73.70000,70.54000,73.31000,6349928
2022-07-11,71.17000,71.86000,69.46000,71.32000,5163282
2022-07-04,72.43000,73.26000,70.54000,71.37000,5953068
2022-06-27,71.64000,74.38000,71.21000,72.93000,7453485
2022-06-20,70.75,73.20000,70.57000,71.82000,9939002
2022-06-13,71.28000,71.38000,67.48000,70.39000,11605892
2022-06-06,76.55000,76.56000,70.74010,72.25,9312571
2022-05-30,77.18000,77.95000,75.30000,76.070000,9408933
2022-05-23,74.54000,78.28000,73.61010,78.13000,8729904
2022-05-16,74.91000,75.98000,72.39000,74.019997,8604161
2022-05-09,75.79000,75.95000,71.86000,74.96000,10828550
2022-05-02,81.95000,82.5,75.25,76.47000,9653738
2022-04-25,91.15000,91.45000,81.25,81.5,10195258
2022-04-18,90.60000,94.32000,89.080002,91.15000,6774240
2022-04-11,91.85000,92.37550,89.029999,90.43000,4838627
2022-04-04,92.18000,92.70000,90.080002,91.77000,5486468
2022-03-28,89.16000,93.029999,88.76000,92.16000,7812044
2022-03-21,89.089996,89.98000,87.065002,89.019997,5549200
2022-03-14,87,90.42000,85.84000,89,8314012
2022-03-07,88.78000,90.35000,85.84000,86.80000,5892016
2022-02-28,86.019997,88.74000,83.089996,88.61000,9914807
2022-02-21,84.27000,87.36000,81.98000,87.26000,6815425
2022-02-14,86.66000,87.43000,84.24000,84.36000,8894075
2022-02-07,89.88000,90.69000,85.71000,86.38000,10673665
2022-01-31,88.32000,92.54000,87.40000,90.12000,13402426
2022-01-24,88.029999,89.37950,85.16000,88.89000,13713918
2022-01-17,90.66000,91.14000,87.85000,88.059998,5987340
2022-01-10,89.33000,92.13000,88.76000,90.83000,7653754
2022-01-03,90.78000,93.029999,89.19000,89.65000,7867920
2021-12-27,88.38000,91.20000,87.90000,90.5,4314513
2021-12-20,86.66000,89.10500,85.91000,88.18000,5116934
2021-12-13,86.77000,90,86.16000,87.65000,11380521
2021-12-06,85.84000,87.82500,83.70000,86.86000,8040092
2021-11-29,85.11000,86.78000,82.60000,85.040001,11303284
2021-11-22,86,88.080002,84.019997,84.27000,4762570
2021-11-15,86.47000,88.089996,83.75,86.040001,6295946
2021-11-08,84.58000,86.96000,83.38000,86.44000,4285854
2021-11-01,86.21000,86.39000,83.14000,84.46000,6824767
2021-10-25,85.57000,88.080002,84.60000,86.40000,8578092
2021-10-18,84.089996,86.089996,83.89500,85.41000,6092203
2021-10-11,83.14000,85.87000,81.73000,84.58000,6202921
2021-10-04,81.35000,84.66540,81.013397,82.73000,8106756
2021-09-27,81.82000,82.50500,78.86000,81.55000,8703986
2021-09-20,79.71000,83.27000,79.30000,81.54000,8772781
2021-09-13,81.94000,83.010002,80.23000,80.26000,10096266
2021-09-06,85.48000,85.48000,81.40000,81.41000,5606281
2021-08-30,83.38000,86.040001,83.21000,85.59000,8611950
2021-08-23,82.60000,83.85500,81.040001,83.35000,6073561
2021-08-16,82.39000,83.33000,81.055000,82.51000,5029177
2021-08-09,84.26000,84.43000,81.48500,82.66000,5476077
2021-08-02,84.77000,85.57500,83.36000,84.68000,6042372
2021-07-26,84.55000,85.83000,83.86000,84.13000,9003412
2021-07-19,82.86000,85.47000,81.60500,84.82000,8230773
2021-07-12,81.54000,84.025002,80.72000,83.76000,7028455
2021-07-05,78.41000,81.75500,77.62000,81.71000,7165764
2021-06-28,78.57000,78.88000,76.81000,78.45000,8556727
2021-06-21,78.11000,79.76500,77.63000,78.57000,9914140
2021-06-14,80.21000,80.94000,77.54000,77.63000,12706599
2021-06-07,79.18000,82.050003,78.89000,80.75,10595195
2021-05-31,78.23000,80.080002,77.83000,78.88000,9955456
2021-05-24,75.53000,77.76500,75.37000,77.45000,17463068
2021-05-17,74.050003,75.17000,72.66000,75,9477310
2021-05-10,74.53000,75.27000,71.62000,74.070000,8775475
2021-05-03,74.73000,74.78000,70.98000,74.050003,9571069
2021-04-26,75,75.43000,73.010002,74.23000,10613716
2021-04-19,72.93000,75.15000,72.31000,74.58000,8853991
2021-04-12,71.82000,72.82000,70.90000,72.62000,8191542
2021-04-05,72.82000,72.95000,71.22000,71.69000,10982097
2021-03-29,72.27000,73,71.41100,72.51000,7946184
2021-03-22,71.15000,72.77000,70.10100,72.68000,13645733
2021-03-15,73.57000,76.13000,71.38000,71.43000,18708255
2021-03-08,69.26000,73.49000,68.625,73.44000,13160243
2021-03-01,66.58000,69.070000,65.93000,68.86000,14221206
2021-02-22,66.81000,69.80000,65.37000,65.41000,13989976
2021-02-15,67.48000,67.5,66.15000,66.97000,6858172
2021-02-08,64.96000,67.82000,64.33000,67.48000,13263406
2021-02-01,61.86000,65.13000,60.37000,64.96000,14531153
2021-01-25,61.22000,63.39000,60.54000,61.64000,12522379
2021-01-18,61.96000,62.43000,59.87790,61.56000,8416405
2021-01-11,58.15000,61.67700,57.075001,61.59000,13369195
2021-01-04,59.38000,60.080002,56.79000,58.26000,14053247
2020-12-28,58.38000,59.82000,57.82000,59.28000,6610876
2020-12-21,56.65000,58.76000,56.080002,58.20000,8509688
2020-12-14,59.37000,60.20000,57.15000,57.65000,18340307
2020-12-07,62.81000,63.41000,58.51000,58.94000,11512150
2020-11-30,59.090000,63.56000,57.57000,63.37000,17219283
2020-11-23,61,62.31000,58.80000,59.20000,9864555
2020-11-16,61.97000,63.0099983,58.56000,60.56000,14377019
2020-11-09,57.60000,67.42000,57.58000,60.15000,29498485
2020-11-02,47.20000,52.97000,46.52000,51.52000,15336464
2020-10-26,51.070000,51.29000,45.42500,46.98000,18664564
2020-10-19,52.12000,52.30000,50.11000,51.31000,11781814
2020-10-12,55.74000,55.80000,51.62000,51.85000,9260184
2020-10-05,56,56.41000,54.33000,55.66000,10629412
2020-09-28,52.40000,55.44000,50.63000,55.090000,17835988
2020-09-21,53.58000,53.93000,50.0099983,51.57000,17909403
2020-09-14,55.0099983,57.41000,54.27000,54.33000,16670984
2020-09-07,57.81000,58.14000,54.25,54.67000,13389049
2020-08-31,56.76000,59.095001,55.76000,58.11000,10854834
2020-08-24,54.60000,57.060001,53.96000,57.029999,9329840
2020-08-17,54.42000,55.57000,53.78000,54.69000,10987070
2020-08-10,55.28000,56.28000,53.029999,54.39000,10981957
2020-08-03,52.62000,55.49670,51.69000,55.19000,14304665
2020-07-27,54.080002,55.060001,52.58000,53.63000,12374640
2020-07-20,56.5,56.80000,53.79000,54.34000,14497173
2020-07-13,57.11000,58.42000,56.47000,56.98000,9290241
2020-07-06,61.82000,62.029999,56.32000,56.70000,15006674
2020-06-29,57.16000,62.19000,56.31000,60.59000,9037781
2020-06-22,59.55000,59.95000,56.65000,57,17489966
2020-06-15,61.26000,66.43000,59.56000,59.58000,17535753
2020-06-08,67.55000,68.51000,60.86500,63.57000,14806407
2020-06-01,60.54000,66.72000,59.80200,66.40000,20283762
2020-05-25,59.47000,62.39000,58.93010,60.56000,18141102
2020-05-18,59.24000,61.27000,56.79000,57.40000,14275898
2020-05-11,64.66000,64.66000,55.49000,57.13000,18325079
2020-05-04,61.56000,65.070000,60.15000,64.22000,15141148
2020-04-27,64.85000,67.49070,62.060001,62.31000,9300895
2020-04-20,68.51000,69.28000,61.15000,63.99000,10716936
2020-04-13,68.62000,70.15000,64.57000,69.79000,9406491
2020-04-06,57.099998,70.61000,56.48000,69.42000,12343872
2020-03-30,63.49000,63.89000,52.79000,54.26000,17632070
2020-03-23,55.29000,64.43000,49.62000,62.68000,17444005
2020-03-16,68.57000,68.84000,54.62000,55.29000,18002255
2020-03-09,73.15000,79.93000,68.30000,73.61000,21186751
2020-03-02,75.56000,81.18000,75.23000,77.64000,11367516
2020-02-24,86.37000,87.19000,73.30000,75.099998,9763870
2020-02-17,86.68000,87.14000,85.080002,87.010002,4489568
2020-02-10,84.74000,86.46000,84.23000,86.46000,6302946
2020-02-03,83.35000,84.45000,82.66000,84.20000,6011162
2020-01-27,82.45000,87.53000,81.21000,83.080002,8317969
2020-01-20,82.94000,83.78000,82.050003,82.76000,5431128
2020-01-13,81.059998,82.79000,80.68000,82.5,6668010
2020-01-06,80.64000,81.45000,79.51000,81.26000,7531811
2019-12-30,80.70000,81.48000,79.35000,80.80000,5555989
2019-12-23,80.72000,81.16000,79.56000,80.95000,3338655
2019-12-16,81.19000,81.88000,79.019997,80.30000,14049691
2019-12-09,84.54000,84.99000,80.55000,81.010002,7534577
2019-12-02,84.86000,85.15000,83.36000,84.44000,9138749
2019-11-25,85.029999,86.28000,84.34000,85.099998,7494026
2019-11-18,86.68000,87.61000,84.31000,84.79000,7528177
2019-11-11,84.11000,86.5,83.28000,86.46000,6389806
2019-11-04,87.87000,87.94000,83.65000,83.98000,7800472
2019-10-28,87.58000,89.55000,87.010002,88.14000,6664250
2019-10-21,88.11000,89.12000,85.94000,87.68000,7781685
2019-10-14,87.43000,88.46000,86.82000,88.37000,8044535
2019-10-07,87.059998,88.49000,87.050003,87.63000,7005084
2019-09-30,86.13000,87.61000,84.90000,87.47000,7415709
2019-09-23,84.47000,87.17000,84.24000,86.25,5868625
2019-09-16,84.52000,86.14000,84.15000,85.17000,13798093
2019-09-09,86.52000,86.53000,83.019997,84.55000,8181736
2019-09-02,84.64000,87.089996,84.62000,86.85000,5779603
2019-08-26,83.19000,84.92000,82.48000,84.76000,7795613
2019-08-19,82,83.80000,81.53000,82.75,5903981
2019-08-12,81.19000,81.98000,79.55000,81.64000,5471254
2019-08-05,80.48000,81.44000,77.48000,81.27000,7291068
2019-07-29,78.75,81.88000,77.5,80.48000,9588065
2019-07-22,77.20000,78.70000,76.38000,78.56000,6542008
2019-07-15,79,79.59000,76.93000,77.15000,4589261
2019-07-08,78.050003,79.87000,78,78.85000,5582916
2019-07-01,76.37000,78.57000,74.83000,77.92000,3328196
2019-06-24,78.34000,78.76000,75.040001,75.92000,6119158
2019-06-17,78.49000,79.47000,77.39000,78.029999,7487885
2019-06-10,78.050003,78.52000,76.93000,78.26000,5165182
2019-06-03,76.75,78.54000,74.73000,77.98000,6676533
2019-05-27,77.57000,77.83000,75.29000,76.57000,6370590
2019-05-20,76.58000,77.64000,75.31000,77.19000,3814331
2019-05-13,75.33000,77.059998,75,76.62000,4461765
2019-05-06,76.43000,76.65000,73.85000,75.83000,4163406
2019-04-29,75.95000,77.69000,75.080002,76.59000,6224018
2019-04-22,74.70000,76.58000,73.29000,76.20000,5389992
2019-04-15,77.54000,77.64000,73.91000,75.070000,7118748
2019-04-08,75.5,77.46000,75.070000,77.45000,7041065
2019-04-01,75.029999,75.88000,73.74000,75.61000,5937337
2019-03-25,74.57000,75.69000,74.15000,75.32000,6145359
2019-03-18,74.85000,75.71000,72.78000,74.40000,6656444
2019-03-11,73.89000,75.65000,73.46000,74.76000,7832198
2019-03-04,73.72000,74.46000,73.12000,73.64000,6527837
2019-02-25,74.37000,74.68000,72.64000,73.5,7625312
2019-02-18,73.070000,74.43000,71.87000,74.23000,6165397
2019-02-11,73.48000,73.85000,72.13000,73.21000,7858647
2019-02-04,71.62000,73.84000,71.41000,73.44000,7210583
2019-01-28,70.38000,72.94000,70.38000,72.019997,10040836
2019-01-21,70.080002,70.88000,69.61000,70.67000,7267663
2019-01-14,67.27000,70.32000,66.96000,70.12000,9282498
2019-01-07,64.77000,67.78000,64.66000,67.55000,7777714
2018-12-31,65.78000,66.019997,63.41000,64.56000,5773307
2018-12-24,67.24000,67.44000,63.17000,66.24000,5586754
2018-12-17,70.14000,70.42000,67.22000,67.24000,10942492
2018-12-10,71.90000,72.099998,69.40000,69.94000,8522042
2018-12-03,71.5,72.75,69.59000,71.67000,8922150
2018-11-26,69.45000,71.29000,68.69000,71.25,9658436
2018-11-19,69.36000,70.27000,68.59000,69.11000,5050576
2018-11-12,67.55000,69.46000,67.010002,69.36000,8580585
2018-11-05,64.59000,67.73000,64.56000,67.48000,7499684
2018-10-29,65.43000,66.95000,63.62000,64.44000,11109376
2018-10-22,64.99000,66.48000,62.78000,64.84000,10562842
2018-10-15,62.5,64.98000,62.42000,64.87000,9555581
2018-10-08,64.99000,66.059998,62.40000,62.67000,9384477
2018-10-01,66.21000,66.58000,64.27000,64.89000,6136836
2018-09-24,67.67000,67.82000,64.86000,66.26000,9633946
2018-09-17,67.80000,68.58000,66.87000,67.69000,8341493
2018-09-10,67.63000,68.35000,66.94000,67.83000,8007880
2018-09-03,67.45000,68.27000,66.76000,67.24000,5846928
2018-08-27,67.53000,68.18000,66.78000,67.75,6643566
2018-08-20,68,68.19000,66.60000,67.43000,6269780
2018-08-13,65.91000,67.88000,65.63000,67.85000,5825042
2018-08-06,66.85000,67.41000,65.94000,65.96000,4591495
2018-07-30,64.010002,66.94000,63.38000,66.91000,9388332
2018-07-23,63.28000,65.61000,62.68000,64.029999,9051075
2018-07-16,64.31000,64.89000,63.12000,63.22000,8036687
2018-07-09,64.79000,65.48000,64.13000,64.5,8759300
2018-07-02,63.68000,64.90000,62.64000,64.79000,6529820
2018-06-25,63.25,63.94000,62.60000,63.69000,10253117
2018-06-18,63.36000,63.62000,61.67000,63.12000,12701035
2018-06-11,64.60000,64.84000,62.94000,63.48000,11155526
2018-06-04,64.13000,64.93000,63.73000,64.60000,9551132
2018-05-28,61.59000,64.25,61.17000,63.83000,10410432
2018-05-21,59.90000,62.11000,59.30000,61.76000,9412667
2018-05-14,62.57000,62.74000,59.29000,59.63000,8787094
2018-05-07,62.31000,63.70000,61.78000,62.55000,9822293
2018-04-30,62.029999,62.40000,61.24000,62.099998,12329829
2018-04-23,60.22000,62.28000,59.87000,61.95000,8369696
2018-04-16,61.89000,62.80000,60.0099983,60.11000,9972788
2018-04-09,63.070000,63.23000,61.30000,61.65000,15498318
2018-04-02,61.48000,63.71000,60.5,63.049999,17296299
2018-03-26,58.74000,62.22000,58.060001,61.62000,14034145
2018-03-19,60.71000,60.78000,57.96000,58.36000,18558949
2018-03-12,59.33000,60.47000,58.85000,60.23000,11354334
2018-03-05,55.81000,59.52000,55.60000,59.51000,13268023
2018-02-26,57.13000,57.37000,55.5,55.96000,13362895
2018-02-19,57.76000,58.34000,55.85000,56.99000,9853442
2018-02-12,56.83000,58.59000,54.97000,57.97000,12350735
2018-02-05,59.74000,60.40000,55.21000,56.65000,16377109
2018-01-29,61.62000,61.74000,58.96000,59.95000,14866145
2018-01-22,60.53000,61.86000,60.40000,61.54000,7816543
2018-01-15,60.65000,61.76000,59.88000,60.47000,7996583
2018-01-08,62.66000,63.32000,60.13000,60.42000,8348095
2018-01-01,63.97000,64.019997,62.52000,62.69000,6790515
2017-12-25,63.97000,64.38000,63.66000,63.77000,6020136
2017-12-18,65.77000,65.93000,63.20000,63.80000,8863942
2017-12-11,65.94000,66.62000,65.32000,65.66000,10518333
2017-12-04,66.72000,66.83000,64.96000,65.81000,7470337
2017-11-27,68.13000,68.39000,66.010002,66.53000,9555426
2017-11-20,68.27000,68.58000,67.72000,68.21000,6043820
2017-11-13,69.15000,70.35000,68.17000,68.32000,6626661
2017-11-06,68.68000,70.45000,68.36000,69.25,7285161
2017-10-30,67.60000,68.27000,66.36000,68.21000,7158879
2017-10-23,66.42000,67.74000,65.27000,67.65000,8710216
2017-10-16,67.41000,67.54000,65.80000,66.14000,7501110
2017-10-09,66.44000,67.72000,66.11000,67.49000,6219679
2017-10-02,66.089996,67.20000,65.17000,66.42000,6964645
2017-09-25,66,66.42000,65.44000,65.93000,7453050
2017-09-18,67.82000,68.16000,65.46000,65.88000,8085629
2017-09-11,68.20000,68.77000,66.97000,67.88000,8386469
2017-09-04,67.099998,68.59000,66.45000,68.089996,8089409
2017-08-28,67.99000,68.089996,66.53000,66.99000,7041403
2017-08-21,67.29000,68.47000,67.019997,67.94000,5924328
2017-08-14,67.23000,68.71000,66.92000,67.17000,8749123
2017-08-07,67.21000,67.60000,66.71000,66.98000,7972962
2017-07-31,67.73000,68.20000,67.029999,67.32000,6622890
2017-07-24,67.18000,67.88000,65.62000,67.71000,8224068
2017-07-17,65.47000,67.72000,65.27000,67.16000,7387518
2017-07-10,65.15000,65.67000,63.98000,65.46000,6016044
2017-07-03,66.040001,67.13000,64.59000,64.98000,7475897
2017-06-26,67.39000,67.55000,65.67000,65.83000,7475788
2017-06-19,68.75,68.83000,66.56000,67.21000,8426747
2017-06-12,67.42000,68.78000,66.71000,68.57000,7476027
2017-06-05,66.41000,67.68000,66.13000,67.63000,8142757
2017-05-29,65.16000,66.73000,64.40000,66.72000,7371187
2017-05-22,65.5,65.98000,64.70000,65.17000,6532150
2017-05-15,64.82000,65.60000,64.24000,65.55000,9077081
2017-05-08,65.63000,65.75,64.16000,64.90000,6269507
2017-05-01,64.77000,65.54000,63.49000,65.49000,9564261
2017-04-24,64.80000,65.90000,63.23000,64.58000,12416552
2017-04-17,63.33000,64.68000,63.24000,64.28000,8155657
2017-04-10,62.92000,64.20000,62.82000,63.24000,5404893
2017-04-03,62.24000,63.36000,61.59000,63.040001,7747607
2017-03-27,62.84000,63.060001,61.42000,62.22000,7608912
2017-03-20,63.54000,63.74000,62.69000,62.94000,8174624
2017-03-13,62.090000,63.98000,62,63.43000,11125341
2017-03-06,62.15000,63.19000,61.36000,61.96000,10825945
2017-02-27,62.92000,63.78000,61.56000,62.32000,9642045
2017-02-20,61.44000,62.86000,61.29000,62.78000,5465908
2017-02-13,61.90000,62.31000,60.88000,61.58000,7504851
2017-02-06,60.36000,61.94000,60.060001,61.93000,9736387
2017-01-30,60.82000,61.61000,59.49000,60.38000,17015966
2017-01-23,63.17000,63.37000,60.66000,61.020000,12308350
2017-01-16,63.54000,64.13000,62.84000,63.36000,8311915
2017-01-09,65.26000,65.29000,62.76000,63.39000,9793895
2017-01-02,64.87000,65.71000,63.22000,65.38000,8270925
2016-12-26,63.020000,64.44000,62.51000,64.36000,4984241
2016-12-19,64.29000,65.14000,62.099998,62.95000,11242985
2016-12-12,62.76000,64.22000,62.25,64.050003,11853549
2016-12-05,60.52000,63.74000,60.28000,62.87000,15583405
2016-11-28,59.34000,60.98000,59.11000,60.5,13572692
2016-11-21,59.049999,60.24000,58.45000,59.43000,6734276
2016-11-14,60.099998,61.56000,58.28000,58.98000,12214547
2016-11-07,62.33000,62.82000,59.29000,60.049999,10509807
2016-10-31,60.54000,61.98000,60.33000,61.59000,10212814
2016-10-24,61.39000,61.77000,59.58000,60.18000,10541019
2016-10-17,62.21000,62.21000,60.43000,61.029999,10625623
2016-10-10,60.80000,62.020000,60.41000,61.40000,12194222
2016-10-03,64.080002,64.080002,60.25,60.80000,15906591
2016-09-26,64.19000,65.86000,64.18000,64.33000,14962653
2016-09-19,61.63000,65.070000,61.44000,64.44000,14802179
2016-09-12,59.67000,61.55000,59.55000,61.49000,14128149
2016-09-05,61.74000,62.78000,59.60000,59.95000,12208581
2016-08-29,61.70000,62.58000,61.099998,61.65000,10122561
2016-08-22,62.52000,63.34000,61.24000,61.62000,8668795
2016-08-15,63.42000,63.95000,61.66000,62.41000,8047041
2016-08-08,64.26000,65.67000,62.94000,63.34000,9950950
2016-08-01,64.90000,65.55000,62.64000,64.17000,13862997
2016-07-25,67.28000,67.53000,62.41000,64.90000,22604853
2016-07-18,66.56000,67.53000,66.27000,67.12000,8828679
2016-07-11,67.40000,68.28000,66.18000,66.41000,9070518
2016-07-04,65.84000,67.32000,65.24000,67.30000,9317352
2016-06-27,61.93000,66.099998,61.66000,65.86000,10730278
2016-06-20,63.56000,64.21000,61.49000,62.52000,14212732
2016-06-13,61.57000,63.41000,61.13000,62.82000,12683262
2016-06-06,62.020000,62.17000,60.24000,61.49000,11554156
2016-05-30,65.76000,66.26000,61.85000,62.020000,13678037
2016-05-23,64.56000,66.12000,64.13000,65.60000,9411700
2016-05-16,65.92000,66.99000,63.56000,64.40000,10201003
2016-05-09,68.019997,69.73000,65.86000,66.050003,10432268
2016-05-02,65.60000,68.18000,65.010002,67.95000,7964106
2016-04-25,67.27000,68.67000,63.78000,64.98000,12272010
2016-04-18,67.68000,68.73000,66.42000,67.45000,8534790
2016-04-11,70,70,65.85000,67.67000,12678576
2016-04-04,71.84000,72.059998,70.28000,70.55000,6886812
2016-03-28,69.26000,72,69.26000,71.75,8322633
2016-03-21,70.79000,70.95000,68.51000,69.20000,7299477
2016-03-14,69.41000,71.96000,68.79000,70.89000,9035890
2016-03-07,67.76000,69.66000,67.45000,69.59000,10278250
2016-02-29,63.61000,68.27000,63.30000,68.22000,13221571
2016-02-22,62.78000,64.099998,61.48000,63.52000,10419791
2016-02-15,61.37000,62.83000,60.62000,62.30000,7058862
2016-02-08,62.44000,62.70000,59.53000,60.74000,10293099
2016-02-01,64.92000,66.29000,62.46000,62.70000,12532005
2016-01-25,66.13000,68.080002,63.84000,65.68000,11097272
2016-01-18,67.029999,67.92000,64.25,66.22000,7439199
2016-01-11,67.44000,69.070000,65.30000,66.95000,9720835
2016-01-04,68.84000,69.66000,67.050003,67.16000,7670894
2015-12-28,68.73000,70.20000,68.45000,69.52000,4427624
2015-12-21,68.73000,69.24000,67.84000,68.90000,5024479
2015-12-14,65.85000,69.089996,65.61000,68.080002,10914147
2015-12-07,67.94000,68.16000,65.32000,66.080002,7996217
2015-11-30,68.80000,69.53000,66.010002,67.87000,10146440
2015-11-23,68.099998,69.059998,66.59000,68.72000,4649356
2015-11-16,65.95000,68.15000,65.67000,67.86000,6546280
2015-11-09,64.87000,67.21000,64.22000,65.85000,7440548
2015-11-02,65.74000,68.26000,64.86000,65.52000,8592112
2015-10-26,69.30000,69.71000,65.63000,65.88000,12374406
2015-10-19,67.050003,68.99000,66.88000,67.71000,7973660
2015-10-12,66.20000,67.49000,64.93000,67.089996,6514522
2015-10-05,64.98000,66.099998,64.26000,66.019997,7099075
2015-09-28,61.81000,64.83000,60.39000,64.82000,9230362
2015-09-21,61.53000,62.51000,61.11000,62.090000,7842965
2015-09-14,60.60000,63.029999,59.80000,61.44000,7968039
2015-09-07,59.60000,61.0099983,58.78000,60.41000,6576040
2015-08-31,61.93000,61.98000,58.32000,58.93000,9103967
2015-08-24,59.64000,69.85000,52.74000,62.15000,11883087
2015-08-17,65.72000,66.46000,63.38000,63.38000,9336170
2015-08-10,64.24000,66.050003,63.83000,65.73000,6888548
2015-08-03,63.90000,64.71000,62.51000,64.070000,6055386
2015-07-27,63.68000,65.61000,62.27000,63.74000,8846880
2015-07-20,63.49000,64.69000,63.21000,63.54000,6838606
2015-07-13,63.87000,64.52000,63.040001,63.67000,6810162
2015-07-06,61.54000,64.13000,61.54000,63.63000,9204703
2015-06-29,60.72000,62.22000,59.59000,61.85000,8479068
2015-06-22,63.27000,63.39000,59.80000,60.66000,9027113
2015-06-15,60.84000,64.34000,60.45000,63.11000,10770195
2015-06-08,60.95000,61.40000,59.69000,60.96000,8962983
2015-06-01,63.60000,64.14000,60.25,60.91000,8234505
2015-05-25,63.40000,64.22000,62.76000,63.32000,6761308
2015-05-18,63.81000,64.20000,63.020000,63.58000,5482737
2015-05-11,63.60000,64.28000,61.93000,64.059998,7447257
2015-05-04,64.019997,64.71000,61.36000,63.77000,8139832
2015-04-27,65.34000,65.85000,62.48000,63.71000,8993090
2015-04-20,64.24000,65.79000,63.91000,65.22000,6667644
2015-04-13,64.23000,64.91000,63.76000,64.18000,6141509
2015-04-06,66.98000,67.51000,64.23000,64.43000,7805325
2015-03-30,67.12000,67.49000,65.82000,66.72000,10878537
2015-03-23,69.76000,70.32000,66.47000,66.84000,10723489
2015-03-16,65.91000,69.84000,65.82000,69.64000,9727971
2015-03-09,64.39000,66.21000,64.25,65.62000,7656076
2015-03-02,65.85000,66.77000,63.75,63.93000,8034265
2015-02-23,67.32000,68.14000,65.21000,65.63000,10893621
2015-02-16,66.82000,68.24000,65.85000,67.010002,7207254
2015-02-09,66.64000,68.23000,65.79000,67.099998,10941960
2015-02-02,66.22000,68.61000,64.71000,66.56000,12463653
2015-01-26,67.88000,69.040001,66.070000,66.13000,8909595
2015-01-19,68.11000,68.24000,65.41000,67.99000,9539868
2015-01-12,65.84000,67.84000,65.33000,67.64000,8928082
2015-01-05,62.40000,65.91000,62.15000,65.61000,9595249
2014-12-29,62.63000,63.25,61.16000,62.55000,5241561
2014-12-22,62.62000,63.66000,62.30000,62.70000,5035813
2014-12-15,60.58000,63.029999,59.46000,62.51000,10496196
2014-12-08,60.14000,62.17000,60.080002,60.56000,7705306
2014-12-01,60.43000,60.90000,59.63000,59.89000,8820909
2014-11-24,59.81000,61.27000,59.52000,60.36000,6340415
2014-11-17,58.82000,59.96000,58.74000,59.91000,7900263
2014-11-10,58.78000,60.20000,58.78000,59.0099983,8396488
2014-11-03,59.37000,60,58.81000,59.040001,9959657
2014-10-27,57.80000,59.28000,56.93000,59.27000,12346029
2014-10-20,56.17000,58.19000,56.060001,57.72000,9842404
2014-10-13,55.46000,57.44000,55.32000,56.15000,18007064
2014-10-06,53.43000,55.90000,53.32000,55.48000,12625265
2014-09-29,51.96000,53.52000,51.72000,53.35000,11139520
2014-09-22,52.55000,53.48000,51.5,52.32000,13223054
2014-09-15,53.14000,53.65000,52.25,52.78000,15323871
2014-09-08,57.44000,57.86000,53.11000,53.37000,13415652
2014-09-01,56.77000,57.32000,56.020000,57.31000,6005761
2014-08-25,56.86000,56.86000,56.090000,56.63000,5948586
2014-08-18,56.34000,57.45000,56.17000,56.60000,5448939
2014-08-11,55.38000,56.33000,55.27000,55.96000,6987273
2014-08-04,54.81000,55.67000,54.39000,55.40000,7276407
2014-07-28,55.049999,56.89000,54.62000,54.64000,10479955
2014-07-21,55.21000,56.12000,54.91000,55.25,6111818
2014-07-14,54.72000,55.37000,54.45000,55.21000,6021574
2014-07-07,53.80000,54.71000,53.69000,54.69000,10725517
2014-06-30,53.96000,54.14000,53.36000,53.84000,5017500
2014-06-23,52.78000,54.14000,52.74000,54.13000,8097752
2014-06-16,52.48000,52.99000,51.68000,52.89000,8683441
2014-06-09,53.28000,53.46000,51.57000,52.62000,6128862
2014-06-02,52.66000,53.89000,52.52000,53.38000,5378199
2014-05-26,52.080002,52.76000,51.71000,52.66000,5998267
2014-05-19,52.66000,52.84000,51.58000,51.96000,5837875
2014-05-12,52.78000,53.31000,52.0099983,52.70000,7307811
2014-05-05,51.11000,52.87000,51.060001,52.65000,8281311
2014-04-28,50.15000,51.31000,49.42000,51.30000,7883837
2014-04-21,49.029999,50.070000,48.86000,49.98000,9130437
2014-04-14,49.57000,50.099998,48.73000,48.99000,11215065
2014-04-07,50.51000,51.41000,49.090000,49.19000,11333642
2014-03-31,49.13000,50.61000,48.76000,50.41000,9824615
2014-03-24,48.86000,49.40000,48.19000,48.90000,6893410
2014-03-17,49.69000,50.029999,48.15000,48.73000,7159357
2014-03-10,49.61000,50.090000,48.99000,49.48000,7668746
2014-03-03,49.72000,50.62000,49.0099983,49.63000,9911417
2014-02-24,50.11000,50.40000,49.42000,49.82000,8941772
2014-02-17,49.84000,50.56000,49.42000,50.020000,8327063
2014-02-10,48.48000,50.15000,48.37000,49.91000,12146829
2014-02-03,47.060001,48.69000,46.49000,48.46000,15043528
2014-01-27,45.64000,47.38000,45.33000,47.19000,15582860
2014-01-20,46.12000,46.74000,45.57000,45.75,9519738
2014-01-13,45.43000,46.090000,45.25,45.87000,9133808
2014-01-06,44.77000,45.92000,44.67000,45.64000,9050382
2013-12-30,44.15000,44.82000,43.92000,44.67000,5762815
2013-12-23,44.13000,44.36000,43.62000,44.17000,5616337
2013-12-16,44.33000,44.63000,43.15000,44.060001,10658604
2013-12-09,44.93000,45.83000,43.99000,44.27000,13561084
2013-12-02,43.5,45.64000,43.43000,45.080002,16149507
2013-11-25,43.41000,44.24000,42.46000,43.70000,9199431
2013-11-18,43.74000,43.86000,42.76000,43.099998,7180334
2013-11-11,43.83000,44.47000,43.14000,43.57000,7465539
2013-11-04,44.87000,45.27000,43.23000,43.84000,7614631
2013-10-28,46.64000,46.70000,43.89000,44.86000,10448571
2013-10-21,46.74000,47.42000,45.46000,46.56000,10906726
2013-10-14,45.27000,47.53000,45.13000,46.81000,7027744
2013-10-07,44.28000,45.57000,44.20000,45.55000,6842949
2013-09-30,45.98000,46.60000,44.24000,44.63000,9209155
2013-09-23,47.29000,47.82000,45.79000,46.25,6453547
2013-09-16,46.81000,48.31000,46.060001,47.57000,14748228
2013-09-09,44.97000,46.83000,44.92000,46.29000,8054378
2013-09-02,44.31000,45.15000,43.049999,44.97000,6618428
2013-08-26,44.58000,45.22000,43.58000,44,7842256
2013-08-19,42.77000,44.58000,42.60000,44.52000,9573991
2013-08-12,45.79000,45.87000,42.88000,42.96000,9731063
2013-08-05,46.75,46.80000,45.53000,45.97000,8400258
2013-07-29,49.26000,49.68000,46.53000,46.59000,10591042
2013-07-22,49.80000,50.19000,48.43000,49.26000,5914956
2013-07-15,49.32000,50.37000,49.16000,49.81000,6381265
2013-07-08,48.77000,50.26000,48.5,49.71000,8125378
2013-07-01,49.47000,49.77000,47.59000,48.64000,7984067
2013-06-24,45.81000,49.86000,45.34000,49.23000,15962199
2013-06-17,48.080002,48.37000,44.69000,46.41000,11363508
2013-06-10,48.070000,48.37000,46.30000,47.77000,9092025
2013-06-03,47.98000,48.82000,47.25,48.070000,12985950
2013-05-27,51.56000,51.64000,47.84000,47.95000,14945323
2013-05-20,50.51000,51.70000,49.22000,51.13000,21414058
2013-05-13,48.82000,50.88000,48.67000,50.53000,14349588
2013-05-06,47.42000,48.99000,47.41000,48.93000,8006224
2013-04-29,48.19000,49.61000,47.40000,47.5,9461789
2013-04-22,49.21000,49.34000,47.84000,48,8029810
2013-04-15,49.76000,50.099998,48.55000,49.15000,8410619
2013-04-08,49.0099983,50.38000,48.84000,50.099998,8316890
2013-04-01,46.61000,49.34000,46.38000,49.080002,8531962
2013-03-25,46.48000,47.14000,46.20000,46.69000,7410645
2013-03-18,47.31000,47.78000,45.97000,46.35000,8432396
2013-03-11,46.57000,47.95000,46.17000,47.56000,11369442
2013-03-04,46.78000,47.93000,46.22000,46.58000,9668604
2013-02-25,48.66000,48.68000,46.46000,46.92000,11259789
2013-02-18,48.84000,49.26000,48.11000,48.51000,6299834
2013-02-11,47.0099983,49.11000,46.99000,48.76000,14337419
2013-02-04,46.46000,47.47000,45.48000,47.0099983,15850817
2013-01-28,49.60000,49.60000,46.090000,46.41000,13715316
2013-01-21,49.47000,49.73000,48.95000,49.26000,5501458
2013-01-14,49.31000,49.87000,49.25,49.53000,6342224
2013-01-07,48.56000,49.56000,48.22000,49.31000,5638365
2012-12-31,47.37000,49.32000,47.27000,48.53000,5563429
2012-12-24,47.98000,48.25,47.35000,47.40000,4805553
2012-12-17,47.24000,48.31000,46.77000,48,11994749
2012-12-10,46.56000,47.23000,46.44000,47.049999,8483589
2012-12-03,47.28000,47.37000,46.080002,46.73000,13379364
2012-11-26,45.87000,48.060001,45.15000,47.070000,32315964
2012-11-19,46.45000,46.84000,45.73000,46.18000,4475114
2012-11-12,48.17000,48.19000,45.53000,46.049999,8335687
2012-11-05,49.88000,49.90000,48.0099983,48.040001,8134282
2012-10-29,48.16000,50.54000,47.62000,50.11000,6974928
2012-10-22,47.73000,48.37000,47.12000,47.53000,6768008
2012-10-15,47.59000,49.28000,47.28000,48.44000,7260474
2012-10-08,48.20000,48.27000,47.20000,47.5,7890687
2012-10-01,48.87000,49.15000,47.81000,48.23000,7983761
2012-09-24,48.28000,49.70000,48.13000,48.78000,9426373
2012-09-17,50.98000,51.38000,48.54000,48.70000,9361596
2012-09-10,51.40000,51.74000,50.029999,51.070000,10154929
2012-09-03,51.29000,52.12000,50.83000,51.35000,5653386
2012-08-27,51.63000,52.040001,50.91000,51.21000,6830697
2012-08-20,50.88000,52.24000,50.49000,51.57000,8389529
2012-08-13,50.99000,51.22000,50.040001,51.020000,8353789
2012-08-06,53.39000,53.43000,50.81000,51.049999,7077636
2012-07-30,53.44000,54.12000,52.5,53.17000,7427182
2012-07-23,53.83000,54.64000,52.67000,53.40000,8480762
2012-07-16,54.94000,55.73000,54.080002,54.34000,8491660
2012-07-09,53.57000,55.0099983,52.76000,54.91000,7598329
2012-07-02,53.28000,53.85000,52.55000,53.60000,4974808
2012-06-25,49.93000,52.91000,49.75,52.88000,10225363
2012-06-18,52.28000,53,49.99000,50.32000,12912504
2012-06-11,52.86000,52.89000,50.99000,52.51000,9177323
2012-06-04,50.69000,53,49.75,52.49000,9864153
2012-05-28,52.54000,53.17000,50.49000,50.54000,12163739
2012-05-21,51.27000,53.070000,51.24000,52.27000,8873422
2012-05-14,53.21000,53.78000,50.99000,51.17000,10343434
2012-05-07,53.049999,54.13000,52.84000,53.72000,8825641
2012-04-30,52.13000,53.33000,51.66000,53.16000,8886747
2012-04-23,52.35000,53.22000,51.45000,52.21000,11174790
2012-04-16,51.92000,52.92000,51.88000,52.66000,8801419
2012-04-09,51.48000,52.049999,50.020000,51.60000,9259026
2012-04-02,52.97000,53.25,52,52.049999,6475829
2012-03-26,51.52000,53.24000,50.95000,53.099998,10643399
2012-03-19,50.88000,52.070000,50.070000,51,8779401
2012-03-12,50.38000,51.66000,50.26000,50.85000,11290040
2012-03-05,48.91000,50.38000,48.68000,50.29000,9113397
2012-02-27,48.82000,49.25,48.090000,48.89000,6628216
2012-02-20,49.61000,49.72000,48.26000,49.23000,6204849
2012-02-13,50.040001,50.16000,48.59000,49.61000,8009859
2012-02-06,50.81000,51.080002,49.21000,49.68000,9319636
2012-01-30,50,51.36000,48.78000,51.090000,12429095
2012-01-23,47.080002,50.64000,46.97000,50.56000,12695152
2012-01-16,47.31000,47.63000,46.67000,47.29000,11830136
2012-01-09,47.14000,47.33000,45.41000,46.64000,12677003
2012-01-02,48.98000,49.49000,47.18000,47.22000,9353355
2011-12-26,48.55000,49.12000,47.98000,48.36000,4864184
2011-12-19,47.59000,49.17000,46.94000,48.73000,9354591
2011-12-12,45.62000,48.26000,44.89000,47.36000,13168266
2011-12-05,46.74000,46.78000,44.95000,46.13000,12123362
2011-11-28,46.12000,46.99000,44.42000,46,13233090
2011-11-21,45.69000,46.11000,44.18000,44.63000,6874231
2011-11-14,49.65000,50.020000,45.71000,46.38000,12666109
2011-11-07,49.75,50.41000,48.020000,50.049999,9349363
2011-10-31,49.099998,50.23000,47.48000,49.58000,13856054
2011-10-24,48.080002,51.15000,47.30000,49.82000,13984063
2011-10-17,45.32000,48.20000,45.020000,48.080002,12260300
2011-10-10,44.88000,46.97000,44.51000,46.91000,10388692
2011-10-03,43.69000,45.60000,41.090000,44.080002,15523044
2011-09-26,45.58000,46.17000,43.97000,43.98000,14638123
2011-09-19,48.17000,48.62000,42.72000,45.049999,19265369
2011-09-12,49.87000,51.21000,48.65000,49.0099983,15303365
2011-09-05,49.55000,52.64000,49.060001,50.71000,8579889
2011-08-29,50.43000,52.15000,50.11000,50.63000,10813026
2011-08-22,48.88000,50.88000,47.32000,49.73000,12067283
2011-08-15,50.44000,52.28000,47.76000,47.90000,19417088
2011-08-08,46.11000,51.21000,44.029999,50.070000,25002567
2011-08-01,52.95000,53.020000,46.76000,47.20000,22433434
2011-07-25,53.47000,54.049999,51.65000,52.42000,12957090
2011-07-18,52.22000,54.15000,51.77000,54,10403678
2011-07-11,52.58000,53.74000,51.42000,52.36000,11173730
2011-07-04,52.21000,53.34000,51.66000,53.28000,7873181
2011-06-27,49.47000,52.17000,49.47000,52.020000,8645905
2011-06-20,49.88000,51.28000,49.11000,49.49000,10246347
2011-06-13,50.29000,50.88000,48.93000,50.099998,12270937
2011-06-06,50.94000,52.12000,50.040001,50.21000,10695134
2011-05-30,51.79000,52.45000,49.66000,51.049999,10218712
2011-05-23,50.099998,51.56000,50.029999,51.38000,7410783
2011-05-16,50.070000,51.21000,50.040001,50.81000,7341724
2011-05-09,49.78000,50.89000,49.47000,50.16000,6436216
2011-05-02,50.80000,50.93000,49.64000,49.71000,8713525
2011-04-25,48.89000,50.72000,48.66000,50.66000,8344716
2011-04-18,47.51000,49.049999,47.35000,48.89000,7063071
2011-04-11,47.14000,48.22000,46.90000,48.16000,8638533
2011-04-04,48.090000,48.22000,46.94000,47.12000,6890636
2011-03-28,46.31000,48.27000,45.74000,48.049999,7431265
2011-03-21,47.029999,47.029999,45.24000,46.17000,8009455
2011-03-14,45.99000,46.74000,44.69000,46.37000,12490460
2011-03-07,45.34000,46.32000,44.47000,46.25,8697961
2011-02-28,45.49000,47.0099983,44.83000,45.21000,11696546
2011-02-21,45.35000,46.27000,44.24000,45.25,11464388
2011-02-14,46.29000,46.42000,45.18000,45.81000,7007081
2011-02-07,45.23000,46.31000,45.070000,46.25,7059005
2011-01-31,45.099998,46.88000,44.93000,45.0099983,11220396
2011-01-24,43.69000,45.77000,43.36000,44.85000,9458755
2011-01-17,43.17000,43.78000,42.97000,43.65000,6568918
2011-01-10,42.40000,43.25,42.060001,43.17000,9390797
2011-01-03,44.32000,44.76000,42.39000,42.72000,12160982
2010-12-27,43.42000,44.58000,43.35000,44.049999,5838863
2010-12-20,42.5,43.91000,42.5,43.53000,5911059
2010-12-13,43.83000,43.85000,41.68000,42.25,10578362
2010-12-06,43.85000,44.63000,43.15000,43.72000,10598456
2010-11-29,42.13000,44.16000,41.67000,44.090000,14407055
2010-11-22,42.099998,42.74000,41.76000,42.40000,7839190
2010-11-15,41.96000,42.39000,39.86000,42.32000,14762500
2010-11-08,42.92000,43.070000,40.79000,41.81000,11966291
2010-11-01,41.5,43.33000,41.18000,43.11000,11781662
2010-10-25,43.41000,43.49000,40.91000,41.23000,14079775
2010-10-18,42.35000,44.26000,42.27000,43.099998,12544607
2010-10-11,41.20000,42.81000,40.95000,42.35000,9552057
2010-10-04,40.46000,41.68000,40.45000,41.23000,9918989
2010-09-27,41.75,41.77000,39.99000,40.55000,14376063
2010-09-20,41.69000,43.070000,40.46000,41.77000,16631563
2010-09-13,41.070000,41.68000,40.13000,41.44000,13996996
2010-09-06,41.060001,41.62000,40.060001,40.39000,9723246
2010-08-30,38.80000,41.57000,38.070000,41.43000,14144660
2010-08-23,38.20000,39,37.20000,38.91000,11012673
2010-08-16,37.80000,39.15000,37.43000,38.029999,10789536
2010-08-09,39.25,40.29000,37.5,38.049999,12800635
2010-08-02,39.62000,40.34000,38.099998,38.88000,13379094
2010-07-26,38.28000,40.28000,37.75,38.88000,13894076
2010-07-19,36.21000,38.37000,35.86000,38.28000,18125158
2010-07-12,37.43000,38.55000,35.94000,36.20000,13718909
2010-07-05,35.52000,37.41000,33.65000,37.35000,16975887
2010-06-28,38,38.0099983,33.90000,34.49000,19950382
2010-06-21,39.42000,39.78000,36.33000,37.78000,15376629
2010-06-14,38.13000,39.62000,37.92000,38.80000,16305703
2010-06-07,35.23000,37.83000,33.74000,37.78000,18510455
2010-05-31,37.84000,38.49000,34.77000,34.96000,17418254
2010-05-24,37.34000,39.040001,34.68000,38.27000,19138568
2010-05-17,38.76000,39.74000,34.99000,37.27000,22134964
2010-05-10,38.90000,41.090000,38.16000,38.68000,18532804
2010-05-03,38.70000,40.70000,35.19000,36.83000,22037989
2010-04-26,38.27000,40.17000,37.040001,38.39000,19779750
2010-04-19,34.57000,37.86000,34.37000,37.82000,15199456
2010-04-12,35.54000,36.78000,34.73000,34.86000,16189080
2010-04-05,33.29000,35.58000,33.25,35.57000,17920497
2010-03-29,33.53000,33.71000,32.93000,33.18000,9796667
2010-03-22,33.15000,34.080002,33.029999,33.37000,15899020
2010-03-15,32.20000,34.28000,31.79000,33.33000,15393309
2010-03-08,31.59000,32.76000,31.5,32.28000,16215543
2010-03-01,30.91000,31.64000,30.30000,31.60000,12840582
2010-02-22,30.10000,30.95000,29.86000,30.59000,18438483
2010-02-15,28.66000,30.18000,28.46000,30.070000,12552964
2010-02-08,27.93000,28.20000,26.98000,28.15000,15583785
2010-02-01,27.41000,29.44000,27.18000,27.96000,20220851
2010-01-25,27.36000,27.74000,26.62000,27.18000,14442183
2010-01-18,28.66000,29.22000,26.97000,27.070000,14796627
2010-01-11,28.46000,28.74000,27.57000,28.30000,12429414
2010-01-04,28.88000,29.28000,27.91000,28.28000,17217432
2009-12-28,29.98000,30.85000,28.52000,28.64000,13072571
2009-12-21,27.68000,30.10000,27.68000,29.92000,10548751
2009-12-14,27.37000,27.82000,26.84000,27.65000,19617781
2009-12-07,27.88000,28.070000,26.58000,27.24000,14115336
2009-11-30,26.16000,28.42000,26.030001,28.020000,18459057
2009-11-23,27.5,27.76000,26.010000,26.21000,11340068
2009-11-16,26.90000,27.91000,26.85000,27.090000,16283985
2009-11-09,24.63000,26.98000,24.63000,26.79000,19256021
2009-11-02,24.68000,25.12000,23.78000,24.46000,19849327
2009-10-26,24.54000,25.28000,23.35000,24.49000,24731454
2009-10-19,24.78000,25.19000,23.83000,24.56000,19534246
2009-10-12,25.69000,25.98000,24.58000,24.64000,16194447
2009-10-05,24.46000,25.68000,24.18000,25.62000,20400179
2009-09-28,25.75,26.90000,23.89000,24.27000,25366997
2009-09-21,26.75,28.030001,25.37000,25.64000,23339566
2009-09-14,24.55000,27.91000,24.32000,26.92000,23834767
2009-09-07,22.79000,24.90000,22.65000,24.72000,17925630
2009-08-31,23.20000,23.43000,21.81000,22.61000,21437038
2009-08-24,23.56000,23.96000,23,23.57000,19659074
2009-08-17,22.40000,24.30000,22,23.45000,20401606
2009-08-10,25.43000,25.47000,22.5,23.13000,25194047
2009-08-03,20.61000,26.070000,20.49000,25.48000,36274505
2009-07-27,18.070000,20.53000,17.79000,20.35000,29281479
2009-07-20,17.21000,18.45000,17.12000,18,21135892
2009-07-13,16.49000,17.89000,16.47000,16.98000,24367063
2009-07-06,17.89000,18.33000,15.94000,16.33000,28691300
2009-06-29,18.91000,19.10000,17.73000,17.81000,16799698
2009-06-22,18.75,19.020000,18.090000,18.88000,21302748
2009-06-15,19.91000,19.93000,18.42000,18.99000,25012780
2009-06-08,20.83000,21.49000,19.41000,20.27000,27108500
2009-06-01,20.83000,22.25,20.31000,20.89000,31617808
2009-05-25,18.84000,20.64000,18.65000,20.64000,28084990
2009-05-18,19.17000,20.77000,18.94000,18.98000,30808374
2009-05-11,19.93000,20.20000,17.82000,18.69000,36152844
2009-05-04,18.51000,20.60000,17.94000,20.57000,44486533
2009-04-27,19.070000,20.080000,17.35000,18.21000,33838743
2009-04-20,18.78000,20.16000,16.20000,19.68000,47162456
2009-04-13,18.99000,20.22000,16.98000,19.22000,46851948
2009-04-06,18.080000,19.41000,15.92000,19.28000,36478909
2009-03-30,14.67000,18.40000,14.35000,18.37000,51146578
2009-03-23,14.87000,17.62000,14.64000,15.69000,51159401
2009-03-16,16.87000,18.45000,14.41000,14.41000,48885275
2009-03-09,14.27000,18.030001,14.060000,17.24000,53170442
2009-03-02,14.52000,15.55000,13.30000,14.49000,49762378
2009-02-23,17.57000,17.57000,14.85000,14.92000,51100244
2009-02-16,16.87000,17.59000,15.48000,17.36000,34604564
2009-02-09,19.63000,19.95000,17.30000,17.85000,39278383
2009-02-02,19.81000,21.020000,17.63000,19.56000,36476268
2009-01-26,21.66000,23.33000,19.83000,20.29000,35524213
2009-01-19,22.89000,23.12000,19.84000,21.31000,33394837
2009-01-12,21.94000,23.28000,20.36000,23.12000,35918939
2009-01-05,23.69000,24.070000,21.72000,21.89000,24897481
2008-12-29,23.67000,25.49000,22.42000,23.94000,15693563
2008-12-22,24.52000,24.72000,22.94000,23.84000,13714488
2008-12-15,26.57000,29.31000,24.020000,25.040001,43699813
2008-12-08,29.38000,29.60000,22.19000,26.84000,48812424
2008-12-01,25.29000,28.85000,20.14000,28.52000,51339402
2008-11-24,22.28000,27,21.19000,25.80000,36134675
2008-11-17,23.45000,24.17000,18.040001,21.49000,44350642
2008-11-10,28.46000,28.46000,23.080000,23.45000,31433347
2008-11-03,29.31000,30.15000,24.95000,28.030001,23978688
2008-10-27,25.17000,29.86000,23.61000,29.62000,28327629
2008-10-20,27.61000,28.83000,23.91000,25.51000,27259842
2008-10-13,35.18000,35.18000,25.20000,27.57000,36239143
2008-10-06,31.89000,35.92000,27.13000,34.77000,42413774
2008-09-29,37.83000,38.049999,33,33.19000,23375957
2008-09-22,39.44000,39.56000,35.74000,38.59000,19767679
2008-09-15,36.099998,41.55000,33.32000,40.30000,37789244
2008-09-08,37.31000,37.94000,34.63000,36.33000,21314703
2008-09-01,36.26000,37.18000,34.72000,35.91000,12687723
2008-08-25,36.40000,36.47000,34.77000,35.78000,14127596
2008-08-18,38.45000,38.45000,34.75,36.25,20205944
2008-08-11,38.75,40.46000,36.94000,38.060001,17061668
2008-08-04,37.43000,40.099998,36.74000,38.67000,21704936
2008-07-28,36.22000,37.80000,34.99000,37.41000,19582483
2008-07-21,35.040001,38.47000,34.70000,36.22000,21677371
2008-07-14,33.69000,35.42000,31.37000,35.020000,25122628
2008-07-07,32.099998,35.43000,31.37000,33.30000,20830680
2008-06-30,32.33000,33.15000,31.24000,32.080002,9850545
2008-06-23,34.36000,34.85000,32.26000,32.43000,12264480
2008-06-16,35.76000,37.14000,34.16000,34.21000,10648551
2008-06-09,36.060001,36.66000,34.56000,36.13000,11267744
2008-06-02,35.53000,37.61000,35.15000,36.080002,12040903
2008-05-26,34.92000,36.24000,34.73000,35.86000,7087049
2008-05-19,38.029999,38.060001,34.45000,34.74000,8574330
2008-05-12,35.48000,37.70000,35.48000,37.37000,8039666
2008-05-05,36.71000,37.44000,34.71000,35.32000,8769387
2008-04-28,36.97000,37.64000,34.25,37,11697221
2008-04-21,35.60000,37.20000,34.91000,37.14000,9157302
2008-04-14,34.25,36.57000,33.80000,35.94000,11333654
2008-04-07,37,37.12000,33.83000,34.21000,12222725
2008-03-31,34.14000,37.78000,34.14000,36.71000,16941606
2008-03-24,35.88000,37.12000,34.090000,34.21000,18344522
2008-03-17,31.94000,35.99000,31.82000,35.81000,17143318
2008-03-10,31.51000,34.080002,30.55000,32.75,20931068
2008-03-03,32.26000,33.54000,30.32000,31.55000,15401025
2008-02-25,33.95000,34.99000,32.26000,32.37000,14950952
2008-02-18,33.16000,34.43000,32.19000,33.99000,13760516
2008-02-11,31.74000,33.26000,30.89000,32.73000,12534478
2008-02-04,32.77000,33.070000,30.71000,31.71000,16635771
2008-01-28,31.93000,33.070000,30.31000,32.86000,20126393
2008-01-21,26.35000,32.56000,26.35000,31.89000,19639464
2008-01-14,28.92000,29.19000,27.15000,27.74000,14771854
2008-01-07,28.53000,29.98000,26.69000,28.52000,16867497
2007-12-31,30.68000,31.48000,28.20000,28.30000,11019587
2007-12-24,31.87000,32.99000,30.66000,30.90000,6091926
2007-12-17,29.17000,31.47000,28.84000,31.36000,15195274
2007-12-10,33.98000,34.82000,29.31000,29.36000,13743279
2007-12-03,31.54000,34.67000,30.74000,33.96000,11768470
2007-11-26,31.5,31.97000,28.65000,31.55000,17188256
2007-11-19,31.92000,31.96000,29.76000,31.31000,8293566
2007-11-12,32.0099983,34.029999,31.72000,32.020000,13833776
2007-11-05,32.68000,33.080002,31.44000,32.070000,12710455
2007-10-29,33.35000,35.77000,32.65000,33.16000,13267756
2007-10-22,33.40000,34.28000,32.69000,33.34000,9170600
2007-10-15,35.86000,35.96000,33.34000,33.51000,9966268
2007-10-08,37.78000,37.87000,35.54000,35.71000,6637100
2007-10-01,36.12000,38.17000,35.88000,38.049999,8925450
2007-09-24,35.55000,36.85000,35.49000,35.92000,8882771
2007-09-17,33.83000,35.94000,33.71000,35.43000,10539500
2007-09-10,34.090000,34.56000,33.31000,34.11000,8603600
2007-09-03,34.11000,35.049999,33.65000,33.72000,8306200
2007-08-27,34.66000,34.88000,32.66000,34.12000,8919330
2007-08-20,34.21000,36,34.080002,34.73000,10762800
2007-08-13,33.51000,35.83000,30.94000,34.32000,17902344
2007-08-06,33.57000,35.53000,29.68000,33.31000,20923500
2007-07-30,35.14000,35.53000,31.77000,32.92000,17758928
2007-07-23,38.82000,39.080002,34.40000,34.40000,14770123
2007-07-16,39.77000,40.26000,38.23000,38.82000,8794563
2007-07-09,39.5,39.68000,37.49000,39.64000,10217422
2007-07-02,38.65000,39.82000,38.35000,39.39000,7924104
2007-06-25,39.16000,39.56000,37.61000,38.69000,15812353
2007-06-18,39.95000,39.95000,37.71000,39.11000,12619182
2007-06-11,40.37000,40.84000,39.22000,39.95000,11302549
2007-06-04,42.74000,43.38000,40.19000,40.79000,12902393
2007-05-28,41.81000,44.30000,41.80000,43.15000,15406306
2007-05-21,39.59000,41.27000,38.79000,40.32000,14162794
2007-05-14,40.62000,40.78000,39,39.12000,12268400
2007-05-07,38.67000,40.62000,38.51000,40.37000,15513852
2007-04-30,40.23000,40.23000,38.28000,38.66000,15804807
2007-04-23,40.72000,41.23000,39.91000,40.14000,10754873
2007-04-16,41.65000,41.90000,40.42000,40.67000,9314509
2007-04-09,41.84000,42.25,40.55000,41.32000,6761226
2007-04-02,41.040001,41.94000,40.57000,41.83000,5957753
2007-03-26,41.74000,41.81000,39.56000,40.90000,13016271
2007-03-19,40.64000,42.43000,40.42000,41.82000,8678556
2007-03-12,41.55000,41.68000,39.75,40.39000,12203600
2007-03-05,41.040001,41.25,39.60000,41.0099983,13157100
2007-02-26,44.25,44.44000,41.42000,41.51000,14405358
2007-02-19,44.39000,45.36000,43.98000,44.23000,7666100
2007-02-12,45.14000,45.14000,43.5,44.26000,12940734
2007-02-05,47.33000,47.78000,43.78000,44.73000,21913400
2007-01-29,46.67000,47.87000,46.34000,47.27000,8137400
2007-01-22,45.62000,46.92000,44.95000,46.70000,7245900
2007-01-15,44.89000,45.78000,44.71000,45.68000,5457900
2007-01-08,42.29000,44.75,42.0099983,44.65000,8107800
2007-01-01,43.23000,43.74000,42.040001,42.33000,6613200
2006-12-25,42.23000,43.39000,42.23000,43.029999,3538100
2006-12-18,44.26000,44.48000,42.080002,42.21000,6821100
2006-12-11,44.52000,45.26000,43.87000,44,7554200
2006-12-04,45.15000,45.83000,44.25,44.60000,7680600
2006-11-27,45.49000,45.49000,43.41000,44.80000,8649300
2006-11-20,44.51000,52.15000,44.20000,45.47000,7398000
2006-11-13,42.75,44.0099983,42.58000,42.88000,8048300
2006-11-06,42.23000,43.14000,41.93000,43.090000,7493500
2006-10-30,46.25,46.61000,41.90000,42.35000,10984100
2006-10-23,45.42000,46.56000,45.35000,46.17000,4933500
2006-10-16,45.24000,45.81000,44.97000,45.57000,6009100
2006-10-09,43.79000,45.099998,43.35000,44.99000,5959700
2006-10-02,42.94000,44.36000,42.41000,43.78000,6496100
2006-09-25,42.13000,43.029999,41.55000,42.89000,7300600
2006-09-18,43.070000,43.26000,41.56000,42.13000,5511100
2006-09-11,42.20000,43.54000,42.0099983,43.080002,5771700
2006-09-04,41.95000,42.55000,41.35000,42.37000,3749000
2006-08-28,41.45000,42.46000,41.23000,41.86000,4987100
2006-08-21,40.61000,41.59000,40.25,41.45000,7612700
2006-08-14,40.49000,41.29000,39.78000,40.080002,9974300
2006-08-07,41.060001,41.060001,39.65000,40.12000,5125700
2006-07-31,39.5,41.33000,38.68000,41.12000,9253800
2006-07-24,37.39000,39.84000,37.34000,39.75,6415700
2006-07-17,37.83000,39.34000,37.66000,38.11000,5780000
2006-07-10,38.5,39.93000,37.76000,37.88000,6830500
2006-07-03,38.20000,38.67000,38.0099983,38.35000,6132700
2006-06-26,37.35000,38.12000,36.71000,37.93000,6227400
2006-06-19,38.070000,38.070000,37.029999,37.24000,5618000
2006-06-12,37.85000,38.049999,37.31000,37.72000,7117000
2006-06-05,38.11000,38.83000,37.21000,37.85000,6084600
2006-05-29,37.12000,39.90000,36.88000,38.24000,5717300
2006-05-22,35.57000,37.24000,35.15000,37.24000,4990900
2006-05-15,36.42000,37.33000,35.41000,35.92000,6608500
2006-05-08,37.61000,38.19000,35.94000,36.38000,4670900
2006-05-01,37.99000,38.24000,36.19000,37.52000,8942000
2006-04-24,37.97000,38.37000,37.12000,38.049999,6870300
2006-04-17,36.060001,38.21000,36.040001,38.11000,7295600
2006-04-10,37.30000,37.30000,36.060001,36.15000,5548100
2006-04-03,39.89000,40.25,37.30000,37.30000,8103800
2006-03-27,39.13000,40.48000,38.79000,39.67000,6913000
2006-03-20,39.82000,39.82000,38.39000,39.090000,6385200
2006-03-13,38.25,39.62000,37.66000,39.61000,5874300
2006-03-06,37.33000,38.52000,37.099998,38.25,6284700
2006-02-27,39,39.090000,37.090000,37.33000,9797600
2006-02-20,38.37000,39.23000,38.080002,38.93000,4508900
2006-02-13,36.84000,38.41000,36.46000,38.37000,6187900
2006-02-06,36.24000,37.099998,36.24000,36.84000,7895200
2006-01-30,36.11000,36.77000,35.56000,36.29000,8833200
2006-01-23,34.59000,36.32000,34.59000,36.11000,6247700
2006-01-16,34.34000,35.19000,34.13000,34.59000,4881900
2006-01-09,34.89000,35.52000,34.26000,34.40000,7489900
2006-01-02,33.32000,34.68000,32.93000,34.67000,6596100
2005-12-26,34.0099983,34.21000,33.029999,33.17000,3665800
2005-12-19,33.72000,34.070000,33.28000,34.0099983,4854000
2005-12-12,33.96000,34.71000,33.49000,33.80000,7557600
2005-12-05,34.81000,34.81000,33.97000,34.34000,6283900
2005-11-28,35.57000,35.57000,34.47000,34.68000,6711500
2005-11-21,34.20000,35.76000,34.16000,35.51000,4555100
2005-11-14,33.76000,34.36000,33.5,34.20000,6343600
2005-11-07,32.18000,34.040001,31.64000,33.76000,9277100
2005-10-31,33.69000,33.71000,31.80000,32.15000,10035600
2005-10-24,32.47000,33.53000,32.42000,33.48000,7543500
2005-10-17,31.42000,32.38000,31.21000,32.26000,6573900
2005-10-10,31.37000,31.48000,30.11000,31.42000,6752000
2005-10-03,32.049999,32.59000,31.049999,31.33000,8841300
2005-09-26,31.57000,32.18000,30.96000,32.090000,6322300
2005-09-19,32.73000,32.84000,31.010000,31.57000,6712300
2005-09-12,33.32000,33.37000,32.32000,32.86000,6602500
2005-09-05,32.60000,33.43000,32.52000,33.32000,5832300
2005-08-29,31.42000,32.61000,31.12000,32.36000,7586900
2005-08-22,31.46000,32.099998,31.19000,31.49000,6252100
2005-08-15,31.71000,32.79000,31.39000,31.48000,5386100
2005-08-08,31.71000,32.020000,30.82000,31.78000,7071500
2005-08-01,34.32000,34.49000,31.68000,32.22000,6885100
2005-07-25,33,34.54000,32.99000,34.26000,5766400
2005-07-18,32.97000,33.54000,32.75,33.040001,5792300
2005-07-11,33.20000,33.79000,32.72000,32.93000,6516600
2005-07-04,31.70000,33.18000,31.54000,32.99000,5285000
2005-06-27,30.75,31.73000,30.67000,31.70000,4698500
2005-06-20,31.46000,31.69000,30.62000,30.74000,4355500
2005-06-13,30.86000,31.86000,30.69000,31.63000,6717400
2005-06-06,30.60000,31.49000,30.53000,31.010000,4515100
2005-05-30,30.51000,30.91000,30.40000,30.57000,6527700
2005-05-23,30.92000,31.14000,30.18000,30.47000,4559400
2005-05-16,29.57000,31.030001,29.57000,31.030001,5538700
2005-05-09,29.19000,30.23000,29.19000,29.59000,5527200
2005-05-02,29.11000,29.70000,28.14000,29.25,5414000
2005-04-25,27.96000,29.13000,27.94000,29.13000,6316200
2005-04-18,27.10000,27.93000,26.71000,27.91000,4520500
2005-04-11,27.31000,27.77000,26.97000,27.10000,3821100
2005-04-04,27.12000,27.81000,26.85000,27.17000,6296700
2005-03-28,27.049999,27.98000,26.52000,27.22000,5919600
2005-03-21,27.26000,27.46000,26.030001,26.51000,4081900
2005-03-14,27.58000,28.55000,27.18000,27.39000,5891800
2005-03-07,29.030001,29.22000,27.5,27.5,5181700
2005-02-28,27.79000,28.88000,27.37000,28.84000,4748700
2005-02-21,28.31000,28.31000,27.020000,27.83000,4525700
2005-02-14,27.96000,28.58000,27.74000,28.31000,5466700
2005-02-07,27.23000,27.97000,27.13000,27.92000,4787700
2005-01-31,26.99000,27.5,26.34000,27.31000,8562800
2005-01-24,28.64000,28.83000,26.90000,26.99000,8069100
2005-01-17,28.70000,29.38000,28.46000,28.58000,3700200
2005-01-10,28.87000,28.99000,27.72000,28.69000,5652600
2005-01-03,30.54000,30.84000,28.57000,28.79000,7506700
2004-12-27,30.53000,31.16000,30.23000,30.68000,3883600
2004-12-20,30.31000,30.94000,29.83000,30.53000,3737900
2004-12-13,30.51000,30.67000,29.64000,30.31000,5565600
2004-12-06,29.42000,30.66000,29.24000,30.42000,5609300
2004-11-29,28.79000,29.49000,28.41000,29.49000,5686700
2004-11-22,27.91000,29.11000,27.90000,28.74000,3861200
2004-11-15,29.44000,29.97000,28.020000,28.070000,5899800
2004-11-08,28.070000,29.53000,27.98000,29.45000,4603300
2004-11-01,28.45000,28.71000,27.44000,27.98000,6563900
2004-10-25,28.36000,28.65000,27.91000,28.28000,4291100
2004-10-18,28.080000,28.85000,27.32000,28.44000,5426300
2004-10-11,27.32000,28.19000,27.13000,28.13000,3824900
2004-10-04,26.94000,27.30000,26.93000,27.24000,4109500
2004-09-27,25.90000,27.070000,25.69000,26.93000,4532700
2004-09-20,26.52000,26.52000,25.70000,25.79000,3593900
2004-09-13,26.92000,27.080000,26.11000,26.51000,6257800
2004-09-06,27.88000,28.16000,26.83000,27.23000,4314400
2004-08-30,27.32000,27.80000,27.17000,27.67000,4695000
2004-08-23,26.40000,27.49000,26.29000,27.36000,5549900
2004-08-16,25.48000,26.42000,25.41000,26.40000,5702800
2004-08-09,25.78000,25.98000,25.40000,25.44000,4944700
2004-08-02,25.070000,26.35000,24.79000,25.69000,5242000
2004-07-26,24.84000,25.44000,24.37000,25.059999,3239800
2004-07-19,25.88000,26.13000,24.89000,24.89000,4410200
2004-07-12,25.54000,26.24000,25.36000,25.84000,3611600
2004-07-05,25.73000,25.98000,25.14000,25.49000,3206100
2004-06-28,25.63000,25.85000,24.90000,25.65000,4763200
2004-06-21,24.43000,25.45000,24.39000,25.44000,4187100
2004-06-14,24.67000,24.97000,24.27000,24.39000,5808400
2004-06-07,24.93000,25.43000,24.77000,25.010000,2858300
2004-05-31,24.98000,25.25,24.36000,24.93000,3667000
2004-05-24,23.79000,25.18000,23.70000,24.96000,4954300
2004-05-17,23.080000,24.040001,22.91000,23.64000,6770600
2004-05-10,23.11000,23.59000,22.62000,23.29000,5779900
2004-05-03,23.32000,24.55000,23.11000,23.19000,8293400
2004-04-26,23.27000,24.12000,23.13000,23.28000,5295400
2004-04-19,23.45000,23.97000,22.90000,23.28000,5261300
2004-04-12,24.28000,24.28000,22.60000,23.74000,8610800
2004-04-05,26.16000,26.17000,24.21000,24.29000,9118100
2004-03-29,24.84000,26.38000,24.63000,26.18000,5950500
2004-03-22,25.23000,25.60000,24.80000,24.80000,5140200
2004-03-15,25.32000,25.76000,25.059999,25.60000,5805000
2004-03-08,26.049999,26.37000,25.10000,25.31000,5333000
2004-03-01,25.35000,26.35000,25.32000,26.049999,7041200
2004-02-23,24.85000,25.33000,24.52000,25.23000,6438000
2004-02-16,24.73000,25.010000,24.59000,24.78000,3257700
2004-02-09,24.80000,25.22000,24.48000,24.56000,5863500
2004-02-02,24.76000,25.15000,24.080000,24.88000,4602400
2004-01-26,24.57000,25.12000,24.40000,24.67000,5139800
2004-01-19,24.38000,24.79000,24,24.57000,3916600
2004-01-12,24.93000,25.010000,24.38000,24.39000,4754400
2004-01-05,25.18000,25.35000,24.78000,24.93000,6997500
